Dlugosc kroku;Lp.;x0_1;x0_2;x1_star_HJ;x2_star_HJ;y_star_HJ;Liczba wywolan funkcji celu_HJ;x1_star_Rosen;x2_star_Rosen;y_star_Rosen;Liczba wywolan funkcji celu_Rosen
0.5;1;0.99437;0.865115;0.99437;0.990115;3,62156e-05; ;80;-1.08301e-07;0.774716;0,619837; ;292
0.5;2;-0.527822;-0.206839;1.00343;1.01191;7,53506e-05; ;162;-0.721671;-0.00450385;0,704793; ;316
0.5;3;0.871078;0.692622;0.996078;0.989497;3,32678e-05; ;126;0.774715;0.774716;1,23967; ;548
0.5;4;-0.113094;-0.540846;1.01191;1.02165;0,00015496; ;154;-0.00319323;-0.000461532;0,000331455; ;60
